Ciudad,Año,Índice de Costo de Vida_x,Índice de Alquiler,Índice de Comestibles,Índice de Precios en Restaurantes,Índice de Calidad de Vida,Índice de Poder Adquisitivo,Índice de Seguridad,Índice de Sanidad,Relación Precio/Ingresos para Propiedades,Índice de Tiempo de Desplazamiento en Tráfico,Índice de Contaminación,Esperanza vida
Viena,2014,90.16,36.22,90.45,79.49,169.65,94.09,70.09,77.78,12.51,25.33,25.18,81.6
Viena,2015,77.02,32.92,74.92,70.06,178.28,100.22,69.48,80.79,13.3,24.86,25.02,81.3
Viena,2016,65.87,31.86,61.57,61.04,195.97,119.81,71.96,78.8,16.72,26.28,21.17,81.8
Viena,2017,68.59,29.94,62.23,66.64,195.78,98.5,78.19,81.05,13.68,25.55,18.97,81.7
Viena,2018,78.64,35.04,73.8,73.39,188.6,98.88,77.38,77.96,14.08,26.03,18.97,81.8
Viena,2019,69.12,33.01,63.75,67.22,193.07,98.23,77.45,79.05,12.73,24.76,16.99,82.0
Viena,2020,65.64,30.81,56.51,63.33,184.49,83.16,76.99,78.78,13.9,26.55,18.44,81.3
Viena,2021,71.31,34.11,61.19,67.15,185.8,87.36,74.74,78.94,13.12,26.51,17.76,81.3
Viena,2022,68.36,34.66,61.71,66.93,181.79,79.56,73.53,78.6,13.96,26.29,17.32,81.1
Viena,2023,61.85,26.48,54.08,66.2,199.58,112.94,73.15,79.24,11.53,24.54,16.7,82.05
Bruselas,2014,103.82,42.4,97.01,113.87,115.01,89.83,48.65,70.56,5.85,24.33,66.96,81.4
Bruselas,2015,92.77,37.07,88.64,96.67,111.71,85.34,47.15,73.7,6.75,21.5,68.04,81.1
Bruselas,2016,79.07,30.77,73.9,83.45,152.1,114.79,45.46,76.47,7.5,31.0,70.47,81.5
Bruselas,2017,75.85,31.79,66.45,82.92,148.19,95.8,45.48,77.17,7.49,32.86,64.96,81.6
Bruselas,2018,83.65,35.76,72.55,96.1,151.72,104.35,48.69,78.39,7.03,32.65,63.29,81.7
Bruselas,2019,75.45,30.96,64.79,86.47,150.85,96.71,50.6,78.16,6.91,32.43,62.51,82.1
Bruselas,2020,72.33,30.1,60.66,81.36,146.45,94.14,50.04,74.29,6.3,36.43,63.21,80.8
Bruselas,2021,79.05,33.77,67.84,85.03,143.24,86.65,49.2,74.97,6.08,37.11,62.13,81.9
Bruselas,2022,74.39,33.35,64.69,77.0,142.44,87.04,48.27,74.57,6.93,37.0,62.13,81.8
Bruselas,2023,68.82,29.53,57.92,70.38,146.02,97.2,45.4,73.87,6.66,36.74,61.71,82.17
Sofía,2014,51.59,12.41,47.1,38.22,61.51,41.96,54.24,59.91,9.57,37.91,67.68,74.5
Sofía,2015,44.92,10.93,39.64,34.2,68.83,44.76,51.06,59.47,9.44,36.27,62.96,74.7
Sofía,2016,37.6,9.89,32.35,30.22,137.56,65.96,50.85,53.14,8.87,31.44,58.33,74.9
Sofía,2017,37.65,10.56,31.9,29.78,134.23,57.21,54.44,53.96,9.26,29.87,60.97,74.8
Sofía,2018,43.11,12.96,37.06,34.44,125.65,60.66,55.41,52.53,9.57,32.99,62.77,75.0
Sofía,2019,40.17,12.55,34.06,32.74,127.34,61.3,55.71,54.15,8.87,30.16,66.1,75.1
Sofía,2020,39.96,13.28,32.36,34.41,124.37,55.8,57.82,56.22,9.19,31.37,68.71,73.6
Sofía,2021,43.94,14.1,37.22,36.87,120.75,47.09,58.24,57.18,9.82,30.72,68.76,71.4
Sofía,2022,42.24,14.58,36.68,38.75,124.66,55.31,57.48,57.48,9.02,30.7,68.92,74.3
Sofía,2023,46.17,12.94,40.48,43.11,124.39,57.94,58.07,57.44,10.33,30.43,68.95,75.49
Zagreb,2014,71.35,16.0,64.42,53.14,102.87,49.88,67.39,62.5,13.84,33.86,34.93,77.9
Zagreb,2015,60.33,13.63,53.54,44.94,112.07,53.94,67.43,63.72,12.24,30.0,37.76,77.5
Zagreb,2016,48.97,11.82,41.44,37.95,159.94,70.89,68.53,63.75,12.26,33.7,37.61,78.2
Zagreb,2017,48.57,12.03,41.19,37.82,164.21,67.14,71.39,68.05,11.12,31.34,36.35,78.0
Zagreb,2018,58.0,15.39,49.52,46.65,158.15,64.19,73.99,65.48,11.47,33.46,35.85,78.2
Zagreb,2019,51.12,14.43,42.69,43.04,162.04,64.64,75.68,65.5,11.49,33.75,32.48,78.6
Zagreb,2020,50.13,15.79,40.37,42.59,158.51,57.46,77.65,63.08,12.67,33.21,32.45,77.8
Zagreb,2021,54.06,17.28,45.1,46.09,156.53,49.57,77.72,65.65,13.47,31.68,31.65,76.7
Zagreb,2022,49.88,17.1,42.03,40.36,158.79,55.08,78.61,64.61,13.34,31.44,32.6,77.7
Zagreb,2023,51.0,15.77,42.83,45.13,156.56,56.51,77.63,63.51,14.22,32.0,33.52,79.02
Praga,2014,58.48,22.88,52.51,40.49,125.25,64.1,67.37,70.71,12.87,34.33,35.13,78.9
Praga,2015,49.73,20.04,44.53,36.83,132.25,69.95,67.07,69.24,11.64,32.5,38.15,78.7
Praga,2016,43.1,18.08,37.25,31.64,163.95,90.61,68.95,71.67,12.78,37.53,42.09,79.1
Praga,2017,43.63,19.2,37.77,31.44,160.99,76.62,70.23,70.89,14.25,37.06,37.62,79.1
Praga,2018,53.84,25.06,47.04,40.31,160.31,77.13,72.45,73.62,16.19,33.97,36.8,79.1
Praga,2019,48.4,24.61,40.61,39.18,159.16,73.39,74.05,73.1,17.69,33.46,36.13,79.3
Praga,2020,49.03,26.52,39.59,39.14,157.46,66.41,75.5,73.46,17.65,32.5,36.48,78.3
Praga,2021,52.43,27.18,44.59,39.72,155.92,59.96,75.84,74.61,17.97,32.35,34.98,77.2
Praga,2022,51.78,26.02,45.19,42.51,161.33,71.96,75.83,74.45,17.65,32.39,34.53,79.1
Praga,2023,54.62,27.07,46.48,42.45,158.93,69.89,75.3,74.72,19.26,32.29,33.88,78.23
Copenhague,2014,117.24,54.46,106.98,138.41,174.66,97.83,69.37,85.74,6.54,27.57,32.76,80.7
Copenhague,2015,105.72,52.79,94.65,122.94,175.3,96.68,73.2,74.49,6.78,30.0,28.82,80.8
Copenhague,2016,89.28,39.64,74.75,102.22,194.15,126.12,73.22,77.34,7.68,28.0,27.21,80.9
Copenhague,2017,87.96,45.64,68.02,104.57,184.09,102.15,78.77,70.03,8.3,30.88,24.55,81.1
Copenhague,2018,97.62,50.66,77.53,121.23,192.9,113.31,78.43,73.81,8.37,30.76,23.4,81.0
Copenhague,2019,84.59,47.57,65.35,102.5,194.51,109.33,76.17,77.12,8.85,28.89,21.47,81.5
Copenhague,2020,86.23,44.49,62.78,104.61,187.68,90.7,76.48,78.33,9.29,28.65,20.78,81.6
Copenhague,2021,97.49,51.91,77.35,109.23,182.71,84.96,72.46,77.68,8.39,28.61,21.06,81.5
Copenhague,2022,88.34,49.42,71.49,106.02,185.34,90.67,72.67,78.21,9.15,28.49,21.34,81.3
Copenhague,2023,82.26,45.8,63.62,98.31,188.93,96.99,73.46,78.02,9.0,28.5,21.36,81.4
Tallin,2014,69.59,18.97,60.18,57.92,140.7,48.06,68.91,74.54,12.54,25.5,9.57,77.4
Tallin,2015,64.82,18.68,49.97,56.19,139.07,49.36,70.43,71.38,11.87,23.0,15.61,78.0
Tallin,2016,50.52,15.53,39.48,48.13,174.62,78.76,73.79,67.43,11.38,20.27,17.0,78.0
Tallin,2017,51.37,15.33,37.57,53.13,165.57,68.76,76.98,68.42,11.42,28.52,21.16,78.4
Tallin,2018,60.51,17.66,45.31,61.04,169.3,74.02,79.54,69.16,9.91,36.86,21.83,78.5
Tallin,2019,52.8,17.14,37.28,55.4,175.51,75.29,79.48,70.65,9.65,28.56,22.23,79.0
Tallin,2020,52.53,17.54,37.41,56.05,173.94,71.09,77.74,71.34,9.34,26.57,23.17,78.9
Tallin,2021,59.2,18.86,44.92,61.01,168.65,60.15,77.5,71.28,9.74,26.77,22.58,77.2
Tallin,2022,55.75,19.24,42.71,58.55,171.17,64.89,77.11,71.88,9.69,26.62,22.41,78.2
Tallin,2023,59.57,19.7,44.33,61.48,166.86,60.46,75.34,72.54,12.32,26.49,20.89,79.18
Helsinki,2015,94.2,41.63,90.76,101.59,166.31,91.39,64.37,71.37,10.94,27.0,19.83,81.6
Helsinki,2016,79.61,36.32,70.25,86.45,180.24,129.76,68.67,75.43,10.17,31.0,21.42,81.5
Helsinki,2017,78.35,36.93,66.79,85.36,174.73,110.6,72.85,74.64,10.31,35.97,18.04,81.7
Helsinki,2018,87.77,40.52,73.82,96.5,186.75,113.87,75.58,75.15,10.99,36.0,13.99,81.8
Helsinki,2019,78.33,33.97,62.63,87.27,186.4,105.32,77.42,73.93,12.39,32.08,13.01,82.1
Helsinki,2020,72.36,35.72,59.99,82.03,184.06,93.13,77.8,77.11,12.08,32.23,12.65,82.0
Helsinki,2021,81.43,39.0,70.02,90.16,177.14,82.88,74.73,77.49,12.78,30.97,13.34,81.9
Helsinki,2022,77.17,38.32,69.7,83.74,178.04,83.51,74.51,77.74,13.14,29.23,13.76,81.2
Helsinki,2023,68.87,31.12,58.97,74.19,191.06,103.4,75.19,78.85,10.39,28.26,13.44,82.48
París,2014,120.68,66.9,122.73,107.5,94.51,88.48,47.39,83.33,15.87,35.67,62.47,82.9
París,2015,99.61,55.45,98.53,97.72,88.14,89.21,45.1,80.74,17.23,39.45,66.15,82.4
París,2016,81.61,45.98,77.34,80.31,141.15,112.52,45.93,74.8,17.99,37.0,64.75,82.7
París,2017,83.2,42.64,79.61,80.89,127.47,95.4,47.25,72.71,16.82,41.62,68.46,82.7
París,2018,92.87,50.3,87.29,91.77,128.54,97.62,47.05,73.09,17.68,42.91,66.5,82.8
París,2019,84.27,46.01,76.66,86.45,125.09,89.27,47.98,74.82,19.12,42.64,67.71,83.0
París,2020,85.16,46.98,78.98,81.35,116.89,71.17,48.24,77.14,22.02,42.58,66.29,82.3
París,2021,94.23,51.78,91.62,87.63,118.6,69.34,46.81,79.49,20.97,40.76,64.54,82.4
París,2022,84.35,48.79,83.65,81.64,124.21,80.2,45.04,79.64,19.15,42.52,64.31,82.3
París,2023,76.06,43.71,74.23,69.81,122.65,77.86,43.08,79.11,20.19,41.5,63.89,83.13
Berlín,2014,84.51,30.17,77.7,69.79,173.06,99.44,72.25,73.08,6.22,49.46,28.04,81.2
Berlín,2015,74.72,29.22,67.34,64.12,170.63,97.08,67.45,75.0,7.49,42.0,28.61,80.7
Berlín,2016,66.34,25.97,56.71,55.46,177.4,122.7,61.46,76.03,8.59,33.5,38.05,81.0
Berlín,2017,64.18,26.41,50.66,54.8,174.73,116.11,63.28,78.7,8.84,32.42,42.15,81.1
Berlín,2018,74.32,33.54,60.74,65.57,172.32,114.09,59.03,75.3,9.6,32.31,41.32,81.0
Berlín,2019,68.62,31.85,55.43,59.12,166.8,104.74,60.19,70.27,10.53,33.21,40.63,81.3
Berlín,2020,64.76,32.83,50.08,55.05,162.9,98.66,58.99,69.29,10.84,33.93,40.91,81.1
Berlín,2021,72.52,34.86,59.73,62.52,160.11,88.21,58.86,69.85,9.97,33.66,39.41,80.8
Berlín,2022,68.94,38.59,56.41,61.05,167.49,105.86,57.95,69.18,9.42,34.03,38.93,80.7
Berlín,2023,69.66,38.3,56.56,60.32,161.04,98.05,56.75,68.05,11.39,34.4,39.0,81.88
Atenas,2014,86.75,17.74,71.09,92.08,43.14,41.8,47.65,48.94,12.94,41.64,59.82,81.5
Atenas,2015,70.48,13.91,59.14,75.42,57.36,45.54,49.46,49.08,11.31,39.91,58.14,81.1
Atenas,2016,56.0,11.24,45.72,58.11,138.01,64.66,51.33,52.7,9.69,35.46,62.74,81.5
Atenas,2017,58.6,11.89,46.86,60.73,125.52,51.3,49.28,49.76,10.31,36.59,67.46,81.4
Atenas,2018,64.67,13.97,51.34,64.82,120.62,52.86,50.44,51.09,10.74,37.76,62.74,81.9
Atenas,2019,58.31,12.55,45.19,59.98,126.58,50.25,51.89,54.39,10.3,35.95,58.25,81.7
Atenas,2020,57.21,14.86,43.71,57.69,122.98,45.51,51.37,55.63,11.59,37.9,57.95,81.4
Atenas,2021,60.99,16.32,48.19,58.99,120.14,41.36,47.7,56.41,11.15,38.21,57.28,80.2
Atenas,2022,58.97,17.92,46.99,60.78,117.55,40.03,44.11,56.66,11.78,38.08,57.29,80.7
Atenas,2023,59.83,16.34,46.35,55.14,116.69,42.36,44.12,56.88,13.51,38.22,57.28,82.8
Budapest,2014,61.31,11.81,49.26,47.28,74.71,46.64,61.58,48.67,9.67,41.54,55.1,76.0
Budapest,2015,51.15,10.4,41.15,40.18,86.18,47.99,58.44,54.56,8.94,35.47,52.08,75.7
Budapest,2016,42.55,12.28,33.75,32.75,136.9,60.56,58.88,51.85,10.1,34.44,52.69,76.2
Budapest,2017,43.9,14.97,34.41,33.08,132.89,52.33,61.36,53.05,11.59,35.84,52.35,76.0
Budapest,2018,51.0,18.08,40.71,40.43,125.49,55.54,63.04,49.79,14.1,36.98,54.57,76.2
Budapest,2019,45.56,16.89,35.86,37.8,126.07,57.54,63.49,46.68,14.83,37.9,52.74,76.5
Budapest,2020,43.4,17.61,32.99,36.84,121.8,52.11,63.66,46.9,15.95,38.74,54.18,75.7
Budapest,2021,45.39,16.98,37.15,37.21,123.21,50.79,63.95,49.1,14.69,39.1,54.12,74.3
Budapest,2022,46.13,16.01,39.18,41.98,125.15,52.66,64.6,51.18,14.63,38.97,54.14,76.2
Budapest,2023,45.34,14.53,40.47,36.95,127.11,55.16,65.22,52.61,14.83,39.04,53.8,77.31
Dublín,2014,111.45,48.36,105.84,109.57,123.66,88.34,39.75,38.25,6.57,24.12,31.14,81.4
Dublín,2015,95.56,45.81,86.03,102.08,128.71,88.89,45.44,44.3,6.85,35.79,30.69,81.5
Dublín,2016,80.34,46.9,66.64,84.57,160.23,120.17,45.59,48.18,9.86,35.73,32.7,81.7
Dublín,2017,79.72,49.78,63.07,84.14,154.93,99.0,47.19,51.07,8.01,36.87,32.99,82.2
Dublín,2018,89.92,62.13,73.62,95.64,147.02,88.11,49.36,51.23,9.88,39.69,35.22,82.2
Dublín,2019,77.39,58.68,59.96,85.57,146.98,90.73,49.55,49.67,10.57,38.06,37.87,82.8
Dublín,2020,79.17,61.77,60.46,82.54,140.68,76.58,50.8,51.11,9.47,40.26,40.36,82.6
Dublín,2021,86.01,66.33,71.21,84.51,137.25,67.67,50.46,52.06,9.25,40.12,39.88,82.4
Dublín,2022,79.05,62.39,63.64,83.31,142.63,81.82,48.3,51.61,8.11,40.41,40.95,82.6
Dublín,2023,77.06,60.66,59.09,83.92,138.92,77.56,47.86,51.19,9.92,40.37,41.01,82.81
Roma,2014,95.51,55.52,85.02,105.1,25.05,58.99,40.63,62.46,24.11,44.62,71.01,83.2
Roma,2015,83.75,48.4,73.5,98.84,27.65,58.09,44.02,57.34,24.2,45.1,69.44,82.7
Roma,2016,70.02,38.93,60.87,75.03,119.69,89.49,44.13,55.25,20.21,46.43,72.77,83.4
Roma,2017,74.06,37.18,64.5,74.29,113.99,72.41,44.53,58.35,23.04,46.7,66.63,83.1
Roma,2018,78.8,40.24,68.34,85.32,109.84,72.78,45.66,59.5,20.48,46.88,67.5,83.4
Roma,2019,69.84,36.16,58.62,78.12,110.01,64.52,46.99,59.63,19.8,46.29,66.67,83.6
Roma,2020,70.38,34.7,57.03,74.45,113.78,58.91,48.12,59.2,15.95,42.95,66.44,82.3
Roma,2021,78.79,37.28,67.41,78.05,107.81,49.38,47.87,59.25,17.53,41.98,66.63,82.7
Roma,2022,71.0,37.19,62.72,70.26,110.32,51.33,46.85,60.46,17.09,41.36,66.27,83.0
Roma,2023,66.12,32.26,57.29,68.23,112.91,55.4,47.01,59.98,16.22,41.84,66.33,84.0
Riga,2015,57.74,13.74,45.76,48.25,90.86,43.09,61.49,67.13,13.43,24.0,46.49,74.8
Riga,2017,49.2,12.87,36.58,45.58,139.49,52.01,62.68,58.1,10.47,28.95,33.94,74.9
Riga,2018,54.87,15.23,42.56,51.15,140.25,53.77,62.04,55.3,10.86,35.22,37.95,75.1
Riga,2019,50.37,13.24,37.07,48.94,143.82,55.47,62.62,58.3,9.84,32.69,40.01,75.7
Riga,2020,49.29,13.66,35.05,47.01,145.14,53.64,61.73,61.17,9.25,33.87,38.15,75.5
Riga,2021,55.43,15.88,42.08,52.29,142.27,46.71,62.07,60.73,9.59,31.88,38.34,73.1
Riga,2022,51.54,14.75,38.97,50.95,146.62,52.82,62.22,61.22,8.79,32.15,37.49,74.8
Riga,2023,54.85,13.14,42.54,50.33,146.49,54.29,61.54,60.97,8.93,31.33,37.8,75.73
Vilna,2014,61.2,16.21,53.7,42.25,130.05,43.84,70.83,72.99,13.61,25.71,16.08,74.7
Vilna,2015,53.85,15.7,45.09,39.4,120.33,46.95,70.82,70.19,13.41,31.33,26.57,74.6
Vilna,2016,46.75,14.91,38.21,37.91,141.38,62.2,62.03,69.22,13.16,29.89,25.44,74.9
Vilna,2017,47.24,14.86,36.32,40.39,136.71,54.06,67.56,69.6,15.33,29.76,25.8,75.8
Vilna,2018,54.26,17.9,42.58,49.97,153.47,56.97,69.1,68.27,14.5,28.63,28.34,76.0
Vilna,2019,48.26,16.23,36.6,49.99,158.85,60.43,70.82,66.75,13.24,28.37,26.05,76.5
Vilna,2020,44.46,16.22,33.6,45.4,165.02,62.96,72.35,69.44,12.1,27.81,23.79,75.1
Vilna,2021,48.79,17.71,37.34,50.79,165.21,58.9,72.41,71.51,11.05,27.52,23.5,74.2
Vilna,2022,46.94,19.22,36.84,48.79,165.8,62.14,72.67,72.86,12.2,27.93,23.82,76.0
Vilna,2023,51.65,20.84,41.53,52.01,164.32,59.48,72.37,73.97,13.39,27.33,22.84,76.41
Luxemburgo,2017,79.84,51.18,64.79,94.19,187.65,117.13,75.55,74.54,11.89,33.5,20.39,82.1
Luxemburgo,2018,95.37,61.59,82.71,109.61,195.15,127.42,71.36,79.04,10.31,34.88,20.11,82.3
Luxemburgo,2019,89.64,56.68,80.41,96.29,193.24,112.79,74.51,78.1,10.69,33.65,17.15,82.7
Luxemburgo,2020,83.71,55.85,69.53,92.44,184.36,106.31,70.88,73.73,11.34,33.66,21.15,82.2
Luxemburgo,2021,89.65,63.28,81.99,94.96,182.68,100.48,72.45,74.51,11.66,33.24,20.75,82.7
Luxemburgo,2022,82.99,63.43,75.83,95.17,178.53,100.19,70.28,72.79,13.52,34.1,21.72,83.0
Luxemburgo,2023,74.61,51.24,66.35,84.7,193.29,118.25,71.32,77.04,12.61,30.0,19.43,82.78
Ámsterdam,2015,88.19,44.17,69.1,103.24,164.92,99.63,66.86,64.63,8.41,27.0,34.21,81.6
Ámsterdam,2016,76.29,46.95,59.18,84.79,181.46,122.04,63.92,67.43,8.82,29.53,38.91,81.7
Ámsterdam,2017,78.01,46.04,62.29,83.98,176.19,90.41,67.4,72.78,10.36,27.86,32.08,81.8
Ámsterdam,2018,89.14,58.22,70.13,95.2,179.2,101.7,66.33,72.41,9.89,27.58,30.1,81.9
Ámsterdam,2019,80.88,53.09,63.56,87.15,173.29,96.16,65.52,70.74,11.31,30.93,30.77,82.2
Ámsterdam,2020,78.93,54.27,59.03,81.9,167.69,84.42,66.9,68.9,12.06,30.07,31.88,81.4
Ámsterdam,2021,86.8,59.25,65.84,93.99,166.66,79.07,66.32,69.6,11.03,29.62,30.9,81.4
Ámsterdam,2022,80.82,55.8,64.45,85.59,174.25,94.45,66.37,68.97,10.06,29.72,30.68,81.7
Ámsterdam,2023,71.38,48.7,56.05,76.15,183.04,101.73,68.01,72.28,10.32,26.58,28.46,82.78
Varsovia,2014,58.61,24.19,49.64,51.31,94.04,63.5,65.56,55.16,12.47,37.5,55.79,77.8
Varsovia,2015,48.04,19.44,39.56,42.71,111.19,71.15,69.25,58.25,11.49,36.61,55.14,77.5
Varsovia,2016,40.75,18.36,32.51,33.95,153.06,85.41,73.67,61.57,12.37,36.6,53.16,78.0
Varsovia,2017,40.79,18.62,31.51,35.14,151.61,74.32,73.85,60.84,11.81,38.59,46.94,77.8
Varsovia,2018,48.31,22.5,38.53,42.2,143.52,77.31,66.55,61.35,11.38,38.37,51.92,77.7
Varsovia,2019,42.64,20.59,32.68,39.93,144.58,73.97,73.41,62.64,12.14,36.31,55.62,78.0
Varsovia,2020,44.09,21.74,34.51,38.9,136.91,63.0,74.51,61.2,13.73,35.2,58.74,76.5
Varsovia,2021,46.7,25.67,37.24,42.2,129.74,52.04,73.56,60.65,15.1,35.08,59.52,75.5
Varsovia,2022,43.94,20.55,33.93,42.14,135.18,66.04,73.84,59.39,14.76,35.2,60.04,77.4
Varsovia,2023,44.0,24.13,35.06,41.63,134.62,62.58,73.94,59.79,14.44,35.22,59.57,79.27
Lisboa,2014,71.23,27.34,59.99,59.07,107.61,54.64,61.33,64.19,10.25,41.54,34.61,81.3
Lisboa,2015,59.53,22.38,49.11,53.95,116.23,57.74,65.27,64.08,10.37,39.41,35.16,81.3
Lisboa,2016,50.87,19.86,42.73,43.12,175.44,76.2,65.18,68.56,12.09,35.85,34.41,81.3
Lisboa,2017,50.47,22.51,40.17,44.23,167.53,61.33,66.94,68.03,14.74,34.27,34.26,81.6
Lisboa,2018,57.69,29.33,47.02,50.14,155.28,58.48,66.47,68.82,13.94,35.68,36.29,81.5
Lisboa,2019,53.67,31.01,43.17,47.68,149.54,51.16,69.22,70.76,18.0,35.45,38.41,81.9
Lisboa,2020,51.87,31.92,39.26,46.72,150.28,46.27,72.38,71.4,18.36,36.37,36.17,81.1
Lisboa,2021,54.96,31.9,42.15,47.33,152.39,46.93,71.76,71.56,16.67,35.79,35.54,81.5
Lisboa,2022,51.7,31.39,40.29,50.65,151.93,48.26,71.12,72.38,17.75,35.93,35.8,81.7
Lisboa,2023,51.48,32.68,40.84,51.15,148.61,45.39,70.39,72.41,19.6,35.5,36.11,82.65
Bucarest,2014,52.12,15.66,45.6,43.01,28.24,37.19,68.11,50.27,14.01,38.12,92.66,75.0
Bucarest,2015,44.79,12.73,39.11,38.91,52.92,39.04,68.73,51.43,12.82,35.45,76.06,74.9
Bucarest,2016,37.42,11.17,30.17,34.02,123.66,59.96,69.74,52.49,11.51,38.9,72.39,75.2
Bucarest,2017,38.54,12.1,30.99,35.08,122.98,53.59,71.08,51.55,10.98,37.82,71.28,75.2
Bucarest,2018,44.38,14.0,36.6,40.58,122.89,58.75,71.12,54.72,10.58,39.64,72.08,75.3
Bucarest,2019,39.6,12.81,31.52,38.98,120.77,57.53,72.26,53.69,11.08,41.53,73.87,75.6
Bucarest,2020,39.23,13.16,31.78,37.6,118.56,52.76,72.6,54.34,10.9,42.08,74.88,74.2
Bucarest,2021,42.84,14.94,35.72,40.06,116.09,48.35,72.02,54.47,10.6,42.05,75.51,72.8
Bucarest,2022,40.1,14.84,33.5,39.45,119.28,53.15,72.06,54.88,10.14,41.27,75.57,75.3
Bucarest,2023,43.21,13.09,35.74,44.21,119.19,55.49,71.79,54.84,10.82,41.02,75.57,76.5
Bratislava,2015,54.4,21.19,48.63,45.12,109.19,61.75,65.59,53.89,10.89,32.2,44.94,76.7
Bratislava,2016,49.76,18.91,45.64,38.23,156.11,72.02,65.97,62.04,12.5,28.1,44.17,77.3
Bratislava,2017,47.6,19.62,42.31,35.58,157.23,70.94,70.31,63.25,11.39,36.14,41.9,77.3
Bratislava,2018,53.64,22.87,46.54,44.37,154.15,72.75,69.31,63.16,12.16,32.09,42.04,77.4
Bratislava,2019,48.4,20.29,40.96,41.21,149.82,70.0,69.72,58.37,12.4,30.38,46.29,77.8
Bratislava,2020,48.27,21.92,39.87,40.45,150.03,63.85,69.78,58.57,12.87,31.04,41.27,77.0
Bratislava,2021,52.69,23.11,43.87,46.06,146.46,59.05,68.99,57.6,13.77,30.59,40.9,74.6
Bratislava,2022,49.44,23.04,41.99,44.73,147.56,62.63,69.71,57.5,14.56,31.16,40.75,77.2
Bratislava,2023,50.4,19.52,43.78,42.96,144.69,60.62,69.35,56.81,17.01,31.01,39.46,78.0
Liubliana,2014,77.54,25.13,65.85,66.43,122.43,59.39,65.41,60.96,11.88,20.8,31.84,81.2
Liubliana,2015,65.13,18.87,55.71,55.02,137.01,68.73,69.02,55.1,10.27,18.78,33.08,80.9
Liubliana,2016,53.0,16.64,42.49,44.58,169.87,91.62,71.89,58.38,10.61,21.88,33.0,81.2
Liubliana,2017,58.74,17.71,48.18,48.7,168.45,72.23,75.93,64.43,11.48,25.7,27.53,81.2
Liubliana,2018,65.47,20.62,54.76,57.7,168.19,74.7,75.03,65.24,12.31,27.85,26.93,81.5
Liubliana,2019,54.94,18.82,45.56,46.52,171.22,72.81,77.24,63.55,13.38,25.4,24.13,81.6
Liubliana,2020,54.79,21.31,44.82,47.06,167.88,63.88,78.76,65.78,13.32,28.03,23.88,80.6
Liubliana,2021,62.56,23.19,53.17,55.45,164.61,55.3,78.51,66.3,13.35,27.72,22.77,80.7
Liubliana,2022,57.18,23.5,49.44,52.01,166.8,60.19,78.55,66.38,13.32,27.55,23.47,81.3
Liubliana,2023,54.1,20.82,46.0,45.24,166.87,62.28,78.24,66.31,14.38,27.32,23.42,81.85
Madrid,2014,82.2,38.55,69.05,85.89,95.29,68.46,63.88,75.19,13.13,34.88,63.54,83.3
Madrid,2015,69.1,31.75,58.26,71.94,111.9,74.02,64.4,73.29,11.43,32.08,59.35,83.0
Madrid,2016,60.79,26.97,50.43,58.68,167.74,101.77,68.28,76.17,11.16,34.64,61.39,83.5
Madrid,2017,60.49,28.29,49.67,60.28,164.94,85.18,68.54,78.3,11.27,38.09,54.94,83.4
Madrid,2018,67.63,33.41,56.59,70.41,156.69,96.36,58.62,79.24,9.64,36.74,54.78,83.5
Madrid,2019,60.48,31.51,48.13,60.42,150.74,79.59,64.85,78.58,12.26,35.24,56.28,84.0
Madrid,2020,58.25,32.53,45.53,60.23,152.58,73.65,69.76,79.27,12.98,35.29,53.25,82.4
Madrid,2021,65.71,34.91,53.73,66.15,147.06,61.15,70.58,79.11,13.37,35.21,52.92,83.3
Madrid,2022,59.01,31.95,49.14,62.31,156.49,74.83,70.29,80.02,10.94,35.35,51.86,83.2
Madrid,2023,54.51,29.53,43.55,53.3,161.16,85.71,69.9,79.96,11.16,35.34,51.41,83.99
Estocolmo,2014,113.94,47.79,105.09,114.35,160.86,97.09,56.65,71.64,11.58,37.75,14.72,82.3
Estocolmo,2015,89.15,38.06,80.44,95.38,174.12,105.62,54.02,69.44,11.88,35.56,12.38,82.2
Estocolmo,2016,83.5,37.13,74.49,88.39,180.51,130.34,57.02,71.11,14.63,39.91,11.35,82.4
Estocolmo,2017,83.42,40.37,77.33,84.52,160.24,101.95,54.22,68.0,15.36,39.35,16.27,82.5
Estocolmo,2018,90.85,45.27,84.06,93.71,164.16,108.2,52.42,67.61,15.56,38.98,17.19,82.6
Estocolmo,2019,78.75,40.21,68.89,85.59,166.45,104.0,52.82,68.13,14.42,37.16,16.73,83.2
Estocolmo,2020,76.09,37.56,64.57,80.08,162.52,92.18,55.6,67.54,14.18,37.56,17.74,82.4
Estocolmo,2021,87.49,42.09,77.77,89.59,155.5,80.77,54.9,66.83,14.22,36.09,19.81,83.1
Estocolmo,2022,78.92,43.96,70.58,82.0,163.76,95.42,53.92,66.42,12.78,35.38,19.2,83.1
Estocolmo,2023,70.81,36.5,63.14,66.54,163.37,94.61,53.89,66.63,14.27,35.2,18.5,83.33
Nicosia,2019,64.65,18.01,57.12,66.36,142.27,60.65,70.67,49.65,7.98,21.94,60.66,82.3
Nicosia,2020,62.73,18.83,51.59,65.67,140.77,55.5,70.11,52.24,6.97,26.15,59.59,82.4
Nicosia,2021,68.78,20.77,58.21,69.29,137.88,57.01,67.49,52.37,5.24,26.15,64.62,81.3
Nicosia,2022,64.53,19.34,52.57,65.96,137.87,60.28,67.34,50.72,6.01,25.25,65.67,81.7
Nicosia,2023,55.73,19.26,45.88,54.87,145.28,63.78,69.51,54.49,6.65,25.07,61.04,81.51
